,0,1,2,3,4,5,6,7,8,9,accuracy,macro avg,weighted avg
precision,0.9898373983739838,0.9929639401934917,0.9817131857555341,0.9764243614931237,0.9835390946502057,0.9897727272727272,0.983402489626556,0.9695238095238096,0.9915878023133544,0.9741293532338309,0.9832,0.9832894162436616,0.9832557097126517
recall,0.9938775510204082,0.9947136563876652,0.9883720930232558,0.9841584158415841,0.9735234215885947,0.976457399103139,0.9895615866388309,0.9902723735408561,0.9681724845995893,0.9702675916749257,0.9832,0.982937657341885,0.9832
f1-score,0.9918533604887984,0.9938380281690141,0.9850313858039594,0.980276134122288,0.9785056294779939,0.9830699774266366,0.9864724245577523,0.9797882579403272,0.9797402597402597,0.9721946375372393,0.9832,0.9830770095264268,0.9831919003027071
support,980.0,1135.0,1032.0,1010.0,982.0,892.0,958.0,1028.0,974.0,1009.0,0.9832,10000.0,10000.0
